,0
0,RevisionNotFound: Could not find revision ({revision}:516633096)
1,RevisionNotFound: Could not find revision ({revision}:550682925)
2,RevisionNotFound: Could not find revision ({revision}:627547024)
3,RevisionNotFound: Could not find revision ({revision}:636911471)
4,RevisionNotFound: Could not find revision ({revision}:669987106)
5,RevisionNotFound: Could not find revision ({revision}:671484594)
6,RevisionNotFound: Could not find revision ({revision}:680981536)
7,RevisionNotFound: Could not find revision ({revision}:684023803)
8,RevisionNotFound: Could not find revision ({revision}:684023859)
9,RevisionNotFound: Could not find revision ({revision}:696608092)
10,RevisionNotFound: Could not find revision ({revision}:698572327)
11,TextDeleted: Text deleted (datasource.revision.text)
12,RevisionNotFound: Could not find revision ({revision}:703773782)
13,RevisionNotFound: Could not find revision ({revision}:706204833)
14,RevisionNotFound: Could not find revision ({revision}:706810694)
15,RevisionNotFound: Could not find revision ({revision}:708482569)
16,RevisionNotFound: Could not find revision ({revision}:708813010)
17,RevisionNotFound: Could not find revision ({revision}:709508670)
18,RevisionNotFound: Could not find revision ({revision}:710135228)
19,RevisionNotFound: Could not find revision ({revision}:710311600)
20,RevisionNotFound: Could not find revision ({revision}:710715953)
21,RevisionNotFound: Could not find revision ({revision}:711224007)
22,RevisionNotFound: Could not find revision ({revision}:711288191)
23,RevisionNotFound: Could not find revision ({revision}:711513274)
24,RevisionNotFound: Could not find revision ({revision}:712411818)
25,RevisionNotFound: Could not find revision ({revision}:712872338)
26,RevisionNotFound: Could not find revision ({revision}:712872421)
27,RevisionNotFound: Could not find revision ({revision}:712872473)
28,RevisionNotFound: Could not find revision ({revision}:712872531)
29,RevisionNotFound: Could not find revision ({revision}:712873183)
30,RevisionNotFound: Could not find revision ({revision}:712873308)
31,RevisionNotFound: Could not find revision ({revision}:712873386)
32,RevisionNotFound: Could not find revision ({revision}:712878000)
33,RevisionNotFound: Could not find revision ({revision}:712878267)
34,RevisionNotFound: Could not find revision ({revision}:712878343)
35,RevisionNotFound: Could not find revision ({revision}:712878396)
36,RevisionNotFound: Could not find revision ({revision}:712881543)
37,RevisionNotFound: Could not find revision ({revision}:712881676)
38,RevisionNotFound: Could not find revision ({revision}:712881741)
39,RevisionNotFound: Could not find revision ({revision}:712881882)
40,RevisionNotFound: Could not find revision ({revision}:712889562)
41,RevisionNotFound: Could not find revision ({revision}:712889594)
42,RevisionNotFound: Could not find revision ({revision}:712889683)
43,RevisionNotFound: Could not find revision ({revision}:712889781)
44,RevisionNotFound: Could not find revision ({revision}:712889809)
45,RevisionNotFound: Could not find revision ({revision}:712891291)
46,RevisionNotFound: Could not find revision ({revision}:712891354)
47,RevisionNotFound: Could not find revision ({revision}:712891378)
48,RevisionNotFound: Could not find revision ({revision}:712891476)
49,RevisionNotFound: Could not find revision ({revision}:713368646)
50,RevisionNotFound: Could not find revision ({revision}:713381693)
51,TextDeleted: Text deleted (datasource.revision.text)
52,RevisionNotFound: Could not find revision ({revision}:715273866)
53,RevisionNotFound: Could not find revision ({revision}:715457941)
54,RevisionNotFound: Could not find revision ({revision}:715534283)
55,RevisionNotFound: Could not find revision ({revision}:715978328)
56,RevisionNotFound: Could not find revision ({revision}:717536136)
57,TextDeleted: Text deleted (datasource.revision.text)
58,RevisionNotFound: Could not find revision ({revision}:717917231)
59,RevisionNotFound: Could not find revision ({revision}:717927381)
60,RevisionNotFound: Could not find revision ({revision}:718090116)
61,RevisionNotFound: Could not find revision ({revision}:719342595)
62,RevisionNotFound: Could not find revision ({revision}:719521006)
63,RevisionNotFound: Could not find revision ({revision}:719581803)
64,RevisionNotFound: Could not find revision ({revision}:719981739)
65,RevisionNotFound: Could not find revision ({revision}:720054719)
66,RevisionNotFound: Could not find revision ({revision}:720154872)
67,RevisionNotFound: Could not find revision ({revision}:720164068)
68,RevisionNotFound: Could not find revision ({revision}:720356159)
69,RevisionNotFound: Could not find revision ({revision}:720688837)
70,RevisionNotFound: Could not find revision ({revision}:720856841)
71,RevisionNotFound: Could not find revision ({revision}:720924221)
72,RevisionNotFound: Could not find revision ({revision}:720953589)
73,RevisionNotFound: Could not find revision ({revision}:720959757)
74,RevisionNotFound: Could not find revision ({revision}:720993927)
75,RevisionNotFound: Could not find revision ({revision}:721106120)
76,RevisionNotFound: Could not find revision ({revision}:721509220)
77,RevisionNotFound: Could not find revision ({revision}:721856824)
78,RevisionNotFound: Could not find revision ({revision}:723082034)
79,RevisionNotFound: Could not find revision ({revision}:723308478)
80,RevisionNotFound: Could not find revision ({revision}:724052271)
81,RevisionNotFound: Could not find revision ({revision}:726600165)
82,RevisionNotFound: Could not find revision ({revision}:726639434)
83,RevisionNotFound: Could not find revision ({revision}:726805368)
84,RevisionNotFound: Could not find revision ({revision}:730950147)
85,RevisionNotFound: Could not find revision ({revision}:734957625)
86,RevisionNotFound: Could not find revision ({revision}:735966681)
87,RevisionNotFound: Could not find revision ({revision}:736660951)
88,RevisionNotFound: Could not find revision ({revision}:737123608)
89,RevisionNotFound: Could not find revision ({revision}:738480520)
90,RevisionNotFound: Could not find revision ({revision}:738514517)
91,RevisionNotFound: Could not find revision ({revision}:738984692)
92,RevisionNotFound: Could not find revision ({revision}:739115995)
93,RevisionNotFound: Could not find revision ({revision}:740126873)
94,RevisionNotFound: Could not find revision ({revision}:743770874)
95,RevisionNotFound: Could not find revision ({revision}:744643166)
96,RevisionNotFound: Could not find revision ({revision}:745915558)
97,RevisionNotFound: Could not find revision ({revision}:746758535)
98,RevisionNotFound: Could not find revision ({revision}:747688056)
99,RevisionNotFound: Could not find revision ({revision}:747922835)
100,RevisionNotFound: Could not find revision ({revision}:748601806)
101,RevisionNotFound: Could not find revision ({revision}:749326717)
102,RevisionNotFound: Could not find revision ({revision}:749389032)
103,RevisionNotFound: Could not find revision ({revision}:749546552)
104,RevisionNotFound: Could not find revision ({revision}:749699147)
105,RevisionNotFound: Could not find revision ({revision}:749705073)
106,RevisionNotFound: Could not find revision ({revision}:750849372)
107,RevisionNotFound: Could not find revision ({revision}:753191526)
108,RevisionNotFound: Could not find revision ({revision}:754739349)
109,RevisionNotFound: Could not find revision ({revision}:756697478)
110,RevisionNotFound: Could not find revision ({revision}:757313957)
111,RevisionNotFound: Could not find revision ({revision}:757961591)
112,RevisionNotFound: Could not find revision ({revision}:758706289)
113,RevisionNotFound: Could not find revision ({revision}:760194556)
114,RevisionNotFound: Could not find revision ({revision}:760195376)
115,RevisionNotFound: Could not find revision ({revision}:761821348)
116,RevisionNotFound: Could not find revision ({revision}:762816132)
117,RevisionNotFound: Could not find revision ({revision}:763245610)
118,RevisionNotFound: Could not find revision ({revision}:763558111)
119,RevisionNotFound: Could not find revision ({revision}:764019224)
120,RevisionNotFound: Could not find revision ({revision}:764191934)
121,RevisionNotFound: Could not find revision ({revision}:764911200)
122,RevisionNotFound: Could not find revision ({revision}:765228329)
123,TextDeleted: Text deleted (datasource.revision.text)
124,RevisionNotFound: Could not find revision ({revision}:765662083)
125,RevisionNotFound: Could not find revision ({revision}:765717347)
126,RevisionNotFound: Could not find revision ({revision}:766101638)
127,RevisionNotFound: Could not find revision ({revision}:768013050)
128,RevisionNotFound: Could not find revision ({revision}:768871687)
129,RevisionNotFound: Could not find revision ({revision}:771213598)
130,RevisionNotFound: Could not find revision ({revision}:771642775)
131,RevisionNotFound: Could not find revision ({revision}:772176512)
132,RevisionNotFound: Could not find revision ({revision}:772567736)
133,RevisionNotFound: Could not find revision ({revision}:773323473)
134,RevisionNotFound: Could not find revision ({revision}:773355081)
135,RevisionNotFound: Could not find revision ({revision}:773601556)
136,TextDeleted: Text deleted (datasource.revision.text)
137,RevisionNotFound: Could not find revision ({revision}:774293013)
138,RevisionNotFound: Could not find revision ({revision}:777163201)
139,RevisionNotFound: Could not find revision ({revision}:778388481)
140,RevisionNotFound: Could not find revision ({revision}:778618827)
141,RevisionNotFound: Could not find revision ({revision}:779101752)
142,RevisionNotFound: Could not find revision ({revision}:779135011)
143,RevisionNotFound: Could not find revision ({revision}:779409209)
144,RevisionNotFound: Could not find revision ({revision}:779899001)
145,RevisionNotFound: Could not find revision ({revision}:779954797)
146,RevisionNotFound: Could not find revision ({revision}:779957437)
147,RevisionNotFound: Could not find revision ({revision}:781072934)
148,RevisionNotFound: Could not find revision ({revision}:781427254)
149,RevisionNotFound: Could not find revision ({revision}:782170063)
150,RevisionNotFound: Could not find revision ({revision}:782508289)
151,RevisionNotFound: Could not find revision ({revision}:783382630)
152,RevisionNotFound: Could not find revision ({revision}:784558743)
153,RevisionNotFound: Could not find revision ({revision}:786721553)
154,RevisionNotFound: Could not find revision ({revision}:787181453)
155,RevisionNotFound: Could not find revision ({revision}:787353922)
156,RevisionNotFound: Could not find revision ({revision}:787391918)
157,RevisionNotFound: Could not find revision ({revision}:787398581)
158,RevisionNotFound: Could not find revision ({revision}:787453368)
159,RevisionNotFound: Could not find revision ({revision}:788037971)
160,RevisionNotFound: Could not find revision ({revision}:788289620)
161,RevisionNotFound: Could not find revision ({revision}:788310383)
162,RevisionNotFound: Could not find revision ({revision}:788722110)
163,RevisionNotFound: Could not find revision ({revision}:788844423)
164,RevisionNotFound: Could not find revision ({revision}:788884593)
165,RevisionNotFound: Could not find revision ({revision}:789080627)
166,RevisionNotFound: Could not find revision ({revision}:789150159)
167,RevisionNotFound: Could not find revision ({revision}:789262504)
168,RevisionNotFound: Could not find revision ({revision}:789266166)
169,RevisionNotFound: Could not find revision ({revision}:789271422)
170,RevisionNotFound: Could not find revision ({revision}:789281061)
171,RevisionNotFound: Could not find revision ({revision}:789285351)
172,RevisionNotFound: Could not find revision ({revision}:789285762)
173,RevisionNotFound: Could not find revision ({revision}:789286413)
174,RevisionNotFound: Could not find revision ({revision}:789444415)
175,RevisionNotFound: Could not find revision ({revision}:789736824)
176,RevisionNotFound: Could not find revision ({revision}:789816636)
177,RevisionNotFound: Could not find revision ({revision}:790028876)
178,RevisionNotFound: Could not find revision ({revision}:790147995)
179,RevisionNotFound: Could not find revision ({revision}:790410710)
180,RevisionNotFound: Could not find revision ({revision}:791429003)
181,RevisionNotFound: Could not find revision ({revision}:791866288)
182,RevisionNotFound: Could not find revision ({revision}:792184018)
183,RevisionNotFound: Could not find revision ({revision}:792400552)
184,RevisionNotFound: Could not find revision ({revision}:792440851)
185,RevisionNotFound: Could not find revision ({revision}:792857662)
186,RevisionNotFound: Could not find revision ({revision}:792933603)
187,RevisionNotFound: Could not find revision ({revision}:793280504)
188,TextDeleted: Text deleted (datasource.revision.text)
189,RevisionNotFound: Could not find revision ({revision}:794409906)
190,RevisionNotFound: Could not find revision ({revision}:794768894)
191,RevisionNotFound: Could not find revision ({revision}:794866848)
192,RevisionNotFound: Could not find revision ({revision}:794990759)
193,RevisionNotFound: Could not find revision ({revision}:795545202)
194,RevisionNotFound: Could not find revision ({revision}:795588781)
195,RevisionNotFound: Could not find revision ({revision}:796744496)
196,RevisionNotFound: Could not find revision ({revision}:796758810)
197,RevisionNotFound: Could not find revision ({revision}:797311794)
198,RevisionNotFound: Could not find revision ({revision}:797902544)
199,RevisionNotFound: Could not find revision ({revision}:798073295)
200,RevisionNotFound: Could not find revision ({revision}:798615865)
201,RevisionNotFound: Could not find revision ({revision}:798841317)
202,RevisionNotFound: Could not find revision ({revision}:798865216)
203,RevisionNotFound: Could not find revision ({revision}:798891126)
204,RevisionNotFound: Could not find revision ({revision}:798945915)
205,RevisionNotFound: Could not find revision ({revision}:798952867)
206,RevisionNotFound: Could not find revision ({revision}:799036953)
207,RevisionNotFound: Could not find revision ({revision}:799263010)
208,RevisionNotFound: Could not find revision ({revision}:799300265)
209,RevisionNotFound: Could not find revision ({revision}:799540668)
210,RevisionNotFound: Could not find revision ({revision}:799880073)
211,RevisionNotFound: Could not find revision ({revision}:799933274)
212,RevisionNotFound: Could not find revision ({revision}:799981363)
213,RevisionNotFound: Could not find revision ({revision}:800072571)
214,RevisionNotFound: Could not find revision ({revision}:800144885)
215,RevisionNotFound: Could not find revision ({revision}:800233652)
216,RevisionNotFound: Could not find revision ({revision}:800299837)
217,RevisionNotFound: Could not find revision ({revision}:800471126)
218,RevisionNotFound: Could not find revision ({revision}:800574730)
219,RevisionNotFound: Could not find revision ({revision}:800707821)
220,TextDeleted: Text deleted (datasource.revision.text)
221,RevisionNotFound: Could not find revision ({revision}:801177435)
222,RevisionNotFound: Could not find revision ({revision}:801306872)
223,RevisionNotFound: Could not find revision ({revision}:801536406)
224,RevisionNotFound: Could not find revision ({revision}:801563949)
225,RevisionNotFound: Could not find revision ({revision}:801566979)
226,RevisionNotFound: Could not find revision ({revision}:801638735)
227,RevisionNotFound: Could not find revision ({revision}:801696196)
228,TextDeleted: Text deleted (datasource.revision.text)
229,RevisionNotFound: Could not find revision ({revision}:802148439)
230,RevisionNotFound: Could not find revision ({revision}:802302246)
231,TextDeleted: Text deleted (datasource.revision.text)
232,RevisionNotFound: Could not find revision ({revision}:802475516)
233,RevisionNotFound: Could not find revision ({revision}:802515929)
234,RevisionNotFound: Could not find revision ({revision}:802765034)
235,TextDeleted: Text deleted (datasource.revision.text)
236,TextDeleted: Text deleted (datasource.revision.text)
237,RevisionNotFound: Could not find revision ({revision}:803413615)
238,RevisionNotFound: Could not find revision ({revision}:803484030)
239,RevisionNotFound: Could not find revision ({revision}:803784385)
240,RevisionNotFound: Could not find revision ({revision}:804057093)
241,RevisionNotFound: Could not find revision ({revision}:804118645)
242,RevisionNotFound: Could not find revision ({revision}:804158476)
243,RevisionNotFound: Could not find revision ({revision}:804473605)
244,RevisionNotFound: Could not find revision ({revision}:804697858)
245,RevisionNotFound: Could not find revision ({revision}:804791599)
246,RevisionNotFound: Could not find revision ({revision}:804941978)
247,RevisionNotFound: Could not find revision ({revision}:804945338)
248,RevisionNotFound: Could not find revision ({revision}:804946658)
249,RevisionNotFound: Could not find revision ({revision}:805031334)
250,RevisionNotFound: Could not find revision ({revision}:805041930)
251,RevisionNotFound: Could not find revision ({revision}:805211553)
252,RevisionNotFound: Could not find revision ({revision}:805420467)
253,RevisionNotFound: Could not find revision ({revision}:805517427)
254,RevisionNotFound: Could not find revision ({revision}:805697623)
255,RevisionNotFound: Could not find revision ({revision}:805788048)
256,RevisionNotFound: Could not find revision ({revision}:805936041)
257,RevisionNotFound: Could not find revision ({revision}:805970954)
258,RevisionNotFound: Could not find revision ({revision}:805993160)
259,RevisionNotFound: Could not find revision ({revision}:806030859)
260,RevisionNotFound: Could not find revision ({revision}:806179522)
261,RevisionNotFound: Could not find revision ({revision}:806223655)
262,TextDeleted: Text deleted (datasource.revision.text)
263,RevisionNotFound: Could not find revision ({revision}:806403304)
264,RevisionNotFound: Could not find revision ({revision}:806542084)
265,RevisionNotFound: Could not find revision ({revision}:806695084)
266,TextDeleted: Text deleted (datasource.revision.text)
267,RevisionNotFound: Could not find revision ({revision}:806811023)
268,TextDeleted: Text deleted (datasource.revision.text)
269,RevisionNotFound: Could not find revision ({revision}:807161510)
270,TextDeleted: Text deleted (datasource.revision.text)
271,RevisionNotFound: Could not find revision ({revision}:807336308)
272,RevisionNotFound: Could not find revision ({revision}:807367030)
273,RevisionNotFound: Could not find revision ({revision}:807367166)
274,RevisionNotFound: Could not find revision ({revision}:807479587)
275,RevisionNotFound: Could not find revision ({revision}:807484325)
